"","Kingdom","Phylum","Class","Order","Family","Genus","Species"
"ASV1","Bacteria","Tenericutes","Mollicutes","Mycoplasmatales","Mycoplasmataceae","Mycoplasma",NA
"ASV2","Bacteria","Spirochaetes","Spirochaetia","Brevinematales","Brevinemataceae","Brevinema",NA
"ASV3","Bacteria","Proteobacteria","Gammaproteobacteria","Aeromonadales","Aeromonadaceae","Aeromonas",NA
"ASV4","Bacteria","Proteobacteria","Gammaproteobacteria","Enterobacteriales","Enterobacteriaceae","Plesiomonas",NA
"ASV5","Bacteria","Bacteroidetes","Bacteroidia","Cytophagales","Spirosomaceae","Pseudarcicella",NA
"ASV6","Bacteria","Fusobacteria","Fusobacteriia","Fusobacteriales","Fusobacteriaceae","Cetobacterium",NA
"ASV9","Bacteria","Proteobacteria","Deltaproteobacteria","Desulfovibrionales","Desulfovibrionaceae","Mailhella",NA
"ASV12","Bacteria","Actinobacteria","Actinobacteria","Frankiales","Sporichthyaceae","hgcI_clade",NA
"ASV15","Bacteria","Proteobacteria","Gammaproteobacteria","Betaproteobacteriales","Burkholderiaceae","Limnohabitans",NA
"ASV16","Bacteria","Proteobacteria","Gammaproteobacteria","Vibrionales","Vibrionaceae","Vibrio",NA
"ASV17","Bacteria","Firmicutes","Clostridia","Clostridiales","Clostridiaceae_1","Clostridium_sensu_stricto_1",NA
"ASV19","Bacteria","Proteobacteria","Gammaproteobacteria","Betaproteobacteriales","Burkholderiaceae","Variovorax",NA
"ASV21","Bacteria","Actinobacteria","Actinobacteria","Micrococcales","Microbacteriaceae","Aurantimicrobium",NA
"ASV24","Bacteria","Bacteroidetes","Bacteroidia","Chitinophagales","Chitinophagaceae","Sediminibacterium",NA
"ASV27","Bacteria","Proteobacteria","Gammaproteobacteria","Betaproteobacteriales","Burkholderiaceae","Polynucleobacter",NA
"ASV29","Bacteria","Firmicutes","Clostridia","Clostridiales","Peptostreptococcaceae","Paraclostridium",NA
"ASV30","Bacteria","Firmicutes","Clostridia","Clostridiales","Peptostreptococcaceae","Terrisporobacter",NA
"ASV31","Bacteria","Actinobacteria","Actinobacteria","Micrococcales","Microbacteriaceae","Rhodoluna",NA
"ASV34","Bacteria","Bacteroidetes","Bacteroidia","Flavobacteriales","Crocinitomicaceae","Fluviicola",NA
"ASV35","Bacteria","Bacteroidetes","Bacteroidia","Flavobacteriales","Flavobacteriaceae","Flavobacterium",NA
"ASV38","Bacteria","Proteobacteria","Gammaproteobacteria","Betaproteobacteriales","Methylophilaceae","Candidatus_Methylopumilus",NA
"ASV46","Bacteria","Cyanobacteria","Oxyphotobacteria","Nostocales","Oscillatoriaceae","Oscillatoria_PCC-10802",NA
"ASV63","Bacteria","Bacteroidetes","Bacteroidia","Sphingobacteriales","Sphingobacteriaceae","Solitalea",NA
"ASV64","Bacteria","Firmicutes","Clostridia","Clostridiales","Peptostreptococcaceae","Romboutsia",NA
"ASV65","Bacteria","Proteobacteria","Gammaproteobacteria","Betaproteobacteriales","Methylophilaceae","Methylotenera",NA
"ASV81","Bacteria","Actinobacteria","Actinobacteria","Micrococcales","Microbacteriaceae","MWH-Ta3",NA
"ASV86","Bacteria","Actinobacteria","Actinobacteria","Frankiales","Sporichthyaceae","Candidatus_Planktophila",NA
"ASV87","Bacteria","Proteobacteria","Alphaproteobacteria","Sphingomonadales","Sphingomonadaceae","Sphingorhabdus",NA
"ASV88","Bacteria","Firmicutes","Clostridia","Clostridiales","Clostridiaceae_1","Clostridium_sensu_stricto_13",NA
"ASV90","Bacteria","Actinobacteria","Actinobacteria","Micrococcales","Microbacteriaceae","Candidatus_Aquiluna",NA
"ASV98","Bacteria","Proteobacteria","Gammaproteobacteria","Methylococcales","Methylococcaceae","Methylocaldum",NA
"ASV99","Bacteria","Proteobacteria","Deltaproteobacteria","Oligoflexales","Oligoflexaceae","Silvanigrella",NA
"ASV105","Bacteria","Proteobacteria","Alphaproteobacteria","Rhodobacterales","Rhodobacteraceae","Tabrizicola",NA
"ASV109","Bacteria","Verrucomicrobia","Verrucomicrobiae","Verrucomicrobiales","Rubritaleaceae","Luteolibacter",NA
"ASV117","Bacteria","Proteobacteria","Alphaproteobacteria","Rhodobacterales","Rhodobacteraceae","Pseudorhodobacter",NA
"ASV132","Bacteria","Proteobacteria","Gammaproteobacteria","Betaproteobacteriales","Rhodocyclaceae","C39",NA
"ASV138","Bacteria","Actinobacteria","Actinobacteria","Micrococcales","Microbacteriaceae","Candidatus_Planktoluna",NA
"ASV139","Bacteria","Proteobacteria","Gammaproteobacteria","Chromatiales","Chromatiaceae","Thiodictyon",NA
"ASV145","Bacteria","Proteobacteria","Gammaproteobacteria","Betaproteobacteriales","Chromobacteriaceae","Chromobacterium",NA
"ASV147","Bacteria","Bacteroidetes","Bacteroidia","Bacteroidales","Tannerellaceae","Macellibacteroides",NA
"ASV148","Bacteria","Proteobacteria","Gammaproteobacteria","Betaproteobacteriales","Burkholderiaceae","Curvibacter",NA
"ASV162","Bacteria","Proteobacteria","Alphaproteobacteria","Sphingomonadales","Sphingomonadaceae","Sphingomonas",NA
"ASV163","Bacteria","Proteobacteria","Gammaproteobacteria","Methylococcales","Methylococcaceae","Candidatus_Methylospira",NA
"ASV172","Bacteria","Proteobacteria","Alphaproteobacteria","Rhodobacterales","Rhodobacteraceae","Rubellimicrobium",NA
"ASV173","Bacteria","Proteobacteria","Gammaproteobacteria","Betaproteobacteriales","Rhodocyclaceae","Z-35",NA
"ASV182","Bacteria","Proteobacteria","Gammaproteobacteria","Methylococcales","Methylomonaceae","Methylomonas",NA
"ASV189","Bacteria","Firmicutes","Clostridia","Clostridiales","Lachnospiraceae","Epulopiscium",NA
"ASV195","Bacteria","Cyanobacteria","Oxyphotobacteria","Nostocales","Nostocaceae","Aphanizomenon_NIES81",NA
"ASV200","Bacteria","Proteobacteria","Gammaproteobacteria","Betaproteobacteriales","Burkholderiaceae","Ideonella",NA
"ASV212","Bacteria","Proteobacteria","Gammaproteobacteria","Xanthomonadales","Xanthomonadaceae","Silanimonas",NA
"ASV215","Bacteria","Verrucomicrobia","Verrucomicrobiae","Opitutales","Opitutaceae","IMCC26134",NA
"ASV222","Bacteria","Proteobacteria","Gammaproteobacteria","Pseudomonadales","Moraxellaceae","Acinetobacter",NA
"ASV226","Bacteria","Cyanobacteria","Oxyphotobacteria","Nostocales","Nostocaceae","Gloeotrichia_PYH6",NA
"ASV227","Bacteria","Proteobacteria","Gammaproteobacteria","Alteromonadales","Alteromonadaceae","Rheinheimera",NA
"ASV228","Bacteria","Proteobacteria","Gammaproteobacteria","Betaproteobacteriales","Burkholderiaceae","GKS98_freshwater_group",NA
"ASV230","Bacteria","Bacteroidetes","Bacteroidia","Chitinophagales","Chitinophagaceae","Terrimonas",NA
"ASV231","Bacteria","Actinobacteria","Acidimicrobiia","Microtrichales","Ilumatobacteraceae","CL500-29_marine_group",NA
"ASV236","Bacteria","Bacteroidetes","Bacteroidia","Cytophagales","Cyclobacteriaceae","Algoriphagus",NA
"ASV237","Bacteria","Proteobacteria","Deltaproteobacteria","Myxococcales","Archangiaceae","Anaeromyxobacter",NA
"ASV242","Bacteria","Verrucomicrobia","Verrucomicrobiae","Chthoniobacterales","Chthoniobacteraceae","Chthoniobacter",NA
"ASV243","Bacteria","Proteobacteria","Alphaproteobacteria","Sphingomonadales","Sphingomonadaceae","Porphyrobacter",NA
"ASV245","Bacteria","Bacteroidetes","Bacteroidia","Chitinophagales","Chitinophagaceae","Dinghuibacter",NA
"ASV261","Bacteria","Proteobacteria","Gammaproteobacteria","Chromatiales","Chromatiaceae","Thiocapsa",NA
"ASV265","Bacteria","Proteobacteria","Gammaproteobacteria","Betaproteobacteriales","Chromobacteriaceae","Vogesella",NA
"ASV269","Bacteria","Verrucomicrobia","Verrucomicrobiae","Chthoniobacterales","Terrimicrobiaceae","Terrimicrobium",NA
"ASV296","Bacteria","Proteobacteria","Gammaproteobacteria","Betaproteobacteriales","Burkholderiaceae","Pelomonas",NA
"ASV310","Bacteria","Proteobacteria","Gammaproteobacteria","Betaproteobacteriales","Burkholderiaceae","Candidatus_Symbiobacter",NA
"ASV312","Bacteria","Actinobacteria","Actinobacteria","Corynebacteriales","Mycobacteriaceae","Mycobacterium",NA
"ASV317","Bacteria","Proteobacteria","Deltaproteobacteria","Desulfuromonadales","Geobacteraceae","Geobacter",NA
"ASV331","Bacteria","Proteobacteria","Gammaproteobacteria","Betaproteobacteriales","Burkholderiaceae","Herbaspirillum",NA
"ASV332","Bacteria","Cyanobacteria","Oxyphotobacteria","Nostocales","Phormidiaceae","Phormidium_IAM_M-71",NA
"ASV334","Bacteria","Bacteroidetes","Bacteroidia","Chitinophagales","Chitinophagaceae","Ferruginibacter",NA
"ASV337","Bacteria","Bacteroidetes","Bacteroidia","Cytophagales","Microscillaceae","OLB12",NA
"ASV338","Bacteria","Proteobacteria","Alphaproteobacteria","Rhizobiales","Beijerinckiaceae","Methylorosula",NA
"ASV344","Bacteria","Proteobacteria","Deltaproteobacteria","Oligoflexales","Oligoflexaceae","Oligoflexus",NA
"ASV345","Bacteria","Proteobacteria","Gammaproteobacteria","Methylococcales","Methylomonaceae","Methylobacter",NA
"ASV352","Bacteria","Bacteroidetes","Bacteroidia","Bacteroidales","Prolixibacteraceae","WCHB1-32",NA
"ASV355","Bacteria","Proteobacteria","Gammaproteobacteria","Pseudomonadales","Moraxellaceae","Perlucidibaca",NA
"ASV405","Bacteria","Proteobacteria","Gammaproteobacteria","Xanthomonadales","Xanthomonadaceae","Arenimonas",NA
"ASV408","Bacteria","Proteobacteria","Gammaproteobacteria","Betaproteobacteriales","Neisseriaceae","Neisseria",NA
"ASV418","Bacteria","Epsilonbacteraeota","Campylobacteria","Campylobacterales","Arcobacteraceae","Arcobacter",NA
"ASV426","Bacteria","Proteobacteria","Gammaproteobacteria","Betaproteobacteriales","Burkholderiaceae","Tibeticola",NA
"ASV428","Bacteria","Proteobacteria","Gammaproteobacteria","Alteromonadales","Shewanellaceae","Shewanella",NA
"ASV454","Bacteria","Bacteroidetes","Bacteroidia","Chitinophagales","Chitinophagaceae","Lacibacter",NA
"ASV467","Bacteria","Cyanobacteria","Oxyphotobacteria","Nostocales","Nostocaceae","Nostoc_PCC-7107",NA
"ASV471","Bacteria","Cyanobacteria","Oxyphotobacteria","Nostocales","Nostocaceae","Anabaena_XPORK15F",NA
"ASV475","Bacteria","Firmicutes","Erysipelotrichia","Erysipelotrichales","Erysipelotrichaceae","Turicibacter",NA
"ASV491","Bacteria","Proteobacteria","Deltaproteobacteria","Bdellovibrionales","Bdellovibrionaceae","Bdellovibrio",NA
"ASV495","Bacteria","Tenericutes","Mollicutes","Mycoplasmatales","Mycoplasmataceae","Candidatus_Bacilloplasma",NA
"ASV507","Bacteria","Proteobacteria","Gammaproteobacteria","Betaproteobacteriales","Rhodocyclaceae","Azospira",NA
"ASV508","Bacteria","Bacteroidetes","Chlorobia","Chlorobiales","Chlorobiaceae","Chlorobium",NA
"ASV509","Bacteria","Proteobacteria","Gammaproteobacteria","Pseudomonadales","Pseudomonadaceae","Pseudomonas",NA
"ASV523","Bacteria","Bacteroidetes","Bacteroidia","Sphingobacteriales","Sphingobacteriaceae","Pedobacter",NA
"ASV534","Bacteria","Spirochaetes","Leptospirae","Leptospirales","Leptospiraceae","RBG-16-49-21",NA
"ASV540","Bacteria","Proteobacteria","Alphaproteobacteria","Rhizobiales","Rhizobiales_Incertae_Sedis","Alsobacter",NA
"ASV548","Bacteria","Cyanobacteria","Oxyphotobacteria","Synechococcales","Cyanobiaceae","Cyanobium_PCC-6307",NA
"ASV551","Bacteria","Cyanobacteria","Oxyphotobacteria","Nostocales","Nostocaceae","Anabaena_PCC-7108",NA
"ASV557","Bacteria","Bacteroidetes","Bacteroidia","Cytophagales","Hymenobacteraceae","Hymenobacter",NA
"ASV566","Bacteria","Acidobacteria","Holophagae","Holophagales","Holophagaceae","Geothrix",NA
"ASV584","Bacteria","Bacteroidetes","Bacteroidia","Chitinophagales","Chitinophagaceae","Parasediminibacterium",NA
"ASV602","Bacteria","Proteobacteria","Alphaproteobacteria","Rhizobiales","Rhizobiaceae","Nitratireductor",NA
"ASV604","Bacteria","Bacteroidetes","Bacteroidia","Cytophagales","Spirosomaceae","Arcicella",NA
"ASV608","Bacteria","Firmicutes","Clostridia","Clostridiales","Lachnospiraceae","Cellulosilyticum",NA
"ASV609","Bacteria","Bacteroidetes","Bacteroidia","Cytophagales","Spirosomaceae","Lacihabitans",NA
"ASV611","Bacteria","Proteobacteria","Deltaproteobacteria","Bdellovibrionales","Bacteriovoracaceae","Bacteriovorax",NA
"ASV616","Bacteria","Proteobacteria","Alphaproteobacteria","Caulobacterales","Caulobacteraceae","Brevundimonas",NA
"ASV619","Bacteria","Spirochaetes","Spirochaetia","Spirochaetales","Spirochaetaceae","Spirochaeta_2",NA
"ASV620","Bacteria","Bacteroidetes","Bacteroidia","Cytophagales","Spirosomaceae","Emticicia",NA
"ASV626","Bacteria","Actinobacteria","Actinobacteria","Frankiales","Cryptosporangiaceae","Fodinicola",NA
"ASV656","Bacteria","Actinobacteria","Actinobacteria","Corynebacteriales","Corynebacteriaceae","Corynebacterium_1",NA
"ASV660","Bacteria","Firmicutes","Bacilli","Bacillales","Bacillaceae","Bacillus",NA
"ASV666","Bacteria","Proteobacteria","Alphaproteobacteria","Acetobacterales","Acetobacteraceae","Roseomonas",NA
"ASV675","Bacteria","Firmicutes","Bacilli","Lactobacillales","Lactobacillaceae","Lactobacillus",NA
"ASV681","Bacteria","Proteobacteria","Gammaproteobacteria","Halothiobacillales","Halothiobacillaceae","Thiovirga",NA
"ASV688","Bacteria","Proteobacteria","Gammaproteobacteria","Chromatiales","Chromatiaceae","Lamprocystis",NA
"ASV689","Bacteria","Proteobacteria","Gammaproteobacteria","Methylococcales","Methylococcaceae","Methyloparacoccus",NA
"ASV693","Bacteria","Proteobacteria","Gammaproteobacteria","Betaproteobacteriales","Burkholderiaceae","Leptothrix",NA
"ASV698","Bacteria","Firmicutes","Clostridia","Clostridiales","Clostridiaceae_1","Sarcina",NA
"ASV699","Bacteria","Proteobacteria","Gammaproteobacteria","Betaproteobacteriales","Burkholderiaceae","Rubrivivax",NA
"ASV700","Bacteria","Gemmatimonadetes","Gemmatimonadetes","Gemmatimonadales","Gemmatimonadaceae","Gemmatimonas",NA
"ASV708","Bacteria","Proteobacteria","Gammaproteobacteria","Betaproteobacteriales","Rhodocyclaceae","Candidatus_Accumulibacter",NA
"ASV709","Bacteria","Cyanobacteria","Oxyphotobacteria","Nostocales","Phormidiaceae","Planktothrix_NIVA-CYA_15",NA
"ASV720","Bacteria","Proteobacteria","Gammaproteobacteria","Betaproteobacteriales","Rhodocyclaceae","Dechlorobacter",NA
"ASV722","Bacteria","Bacteroidetes","Bacteroidia","Chitinophagales","Saprospiraceae","Haliscomenobacter",NA
"ASV723","Bacteria","Proteobacteria","Gammaproteobacteria","Betaproteobacteriales","Chitinibacteraceae","Chitinibacter",NA
"ASV729","Bacteria","Proteobacteria","Gammaproteobacteria","Enterobacteriales","Enterobacteriaceae","Pantoea",NA
"ASV741","Bacteria","Proteobacteria","Gammaproteobacteria","Betaproteobacteriales","Burkholderiaceae","Undibacterium",NA
"ASV742","Bacteria","Actinobacteria","Actinobacteria","Micrococcales","Intrasporangiaceae","Tetrasphaera",NA
"ASV751","Bacteria","Proteobacteria","Alphaproteobacteria","Rhodobacterales","Rhodobacteraceae","Rhodobacter",NA
"ASV761","Bacteria","Proteobacteria","Gammaproteobacteria","Betaproteobacteriales","Rhodocyclaceae","Niveibacterium",NA
"ASV785","Bacteria","Firmicutes","Clostridia","Clostridiales","Peptostreptococcaceae","Paeniclostridium",NA
"ASV803","Bacteria","Fibrobacteres","Fibrobacteria","Fibrobacterales","Fibrobacteraceae","possible_genus_06",NA
"ASV818","Bacteria","Bacteroidetes","Bacteroidia","Chitinophagales","Chitinophagaceae","Flavisolibacter",NA
"ASV821","Bacteria","Proteobacteria","Gammaproteobacteria","Methylococcales","Methylomonaceae","Methylosoma",NA
"ASV829","Bacteria","Fusobacteria","Fusobacteriia","Fusobacteriales","Leptotrichiaceae","Hypnocyclicus",NA
"ASV833","Bacteria","Bacteroidetes","Bacteroidia","Cytophagales","Cytophagaceae","Cytophaga",NA
"ASV834","Bacteria","Cyanobacteria","Oxyphotobacteria","Nostocales","Nostocaceae","Anabaena_PCC-7122",NA
"ASV863","Bacteria","Proteobacteria","Alphaproteobacteria","Rhizobiales","Rhizobiales_Incertae_Sedis","Nordella",NA
"ASV870","Bacteria","Proteobacteria","Deltaproteobacteria","Bdellovibrionales","Bacteriovoracaceae","Peredibacter",NA
"ASV871","Bacteria","Proteobacteria","Gammaproteobacteria","Betaproteobacteriales","Nitrosomonadaceae","Ellin6067",NA
"ASV894","Bacteria","Proteobacteria","Alphaproteobacteria","Rhodobacterales","Rhodobacteraceae","Paenirhodobacter",NA
"ASV897","Bacteria","Proteobacteria","Gammaproteobacteria","Betaproteobacteriales","Burkholderiaceae","Massilia",NA
"ASV907","Bacteria","Bacteroidetes","Bacteroidia","Chitinophagales","Chitinophagaceae","Pseudoflavitalea",NA
"ASV914","Bacteria","Bacteroidetes","Bacteroidia","Flavobacteriales","Weeksellaceae","Cloacibacterium",NA
"ASV930","Bacteria","Acidobacteria","Subgroup_6","Unknown_Order","Unknown_Family","Luteitalea",NA
"ASV932","Bacteria","Bacteroidetes","Bacteroidia","Flavobacteriales","Flavobacteriaceae","Capnocytophaga",NA
"ASV945","Bacteria","Proteobacteria","Gammaproteobacteria","Betaproteobacteriales","Burkholderiaceae","Xenophilus",NA
"ASV947","Bacteria","Proteobacteria","Gammaproteobacteria","Betaproteobacteriales","Burkholderiaceae","Rhizobacter",NA
"ASV949","Bacteria","Bacteroidetes","Bacteroidia","Flavobacteriales","Weeksellaceae","Chryseobacterium",NA
"ASV954","Bacteria","Verrucomicrobia","Verrucomicrobiae","Verrucomicrobiales","Verrucomicrobiaceae","Prosthecobacter",NA
"ASV957","Bacteria","Verrucomicrobia","Verrucomicrobiae","Opitutales","Opitutaceae","Lacunisphaera",NA
"ASV967","Bacteria","Proteobacteria","Alphaproteobacteria","Sphingomonadales","Sphingomonadaceae","Sandarakinorhabdus",NA
"ASV971","Bacteria","Proteobacteria","Gammaproteobacteria","Betaproteobacteriales","Burkholderiaceae","Rhodoferax",NA
"ASV977","Bacteria","Bacteroidetes","Bacteroidia","Chitinophagales","Saprospiraceae","Candidatus_Aquirestis",NA
"ASV979","Bacteria","Proteobacteria","Gammaproteobacteria","Betaproteobacteriales","Rhodocyclaceae","Sulfuritalea",NA
"ASV985","Bacteria","Proteobacteria","Deltaproteobacteria","Bdellovibrionales","Bdellovibrionaceae","OM27_clade",NA
"ASV986","Bacteria","Proteobacteria","Gammaproteobacteria","Betaproteobacteriales","Burkholderiaceae","Glaciimonas",NA
"ASV992","Bacteria","Firmicutes","Erysipelotrichia","Erysipelotrichales","Erysipelotrichaceae","Erysipelothrix",NA
"ASV1000","Bacteria","Fusobacteria","Fusobacteriia","Fusobacteriales","Fusobacteriaceae","Fusobacterium",NA
"ASV1003","Bacteria","Bacteroidetes","Bacteroidia","Bacteroidales","Paludibacteraceae","Paludibacter",NA
"ASV1008","Bacteria","Proteobacteria","Gammaproteobacteria","Gammaproteobacteria_Incertae_Sedis","Unknown_Family","Acidibacter",NA
"ASV1010","Bacteria","Proteobacteria","Gammaproteobacteria","Betaproteobacteriales","Methylophilaceae","Methylobacillus",NA
"ASV1013","Bacteria","Proteobacteria","Gammaproteobacteria","Methylococcales","Methylomonaceae","pLW-20",NA
"ASV1021","Bacteria","Proteobacteria","Gammaproteobacteria","Legionellales","Legionellaceae","Legionella",NA
"ASV1042","Bacteria","Proteobacteria","Gammaproteobacteria","Cellvibrionales","Cellvibrionaceae","Marinagarivorans",NA
"ASV1047","Bacteria","Verrucomicrobia","Verrucomicrobiae","Opitutales","Opitutaceae","Opitutus",NA
"ASV1049","Bacteria","Cyanobacteria","Oxyphotobacteria","Nostocales","Nostocaceae","Cuspidothrix_LMECYA_163",NA
"ASV1052","Bacteria","Spirochaetes","Spirochaetia","Spirochaetales","Spirochaetaceae","Treponema_2",NA
"ASV1054","Bacteria","Spirochaetes","Spirochaetia","Spirochaetales","Spirochaetaceae","Salinispira",NA
"ASV1061","Bacteria","Proteobacteria","Gammaproteobacteria","Betaproteobacteriales","Burkholderiaceae","Xylophilus",NA
"ASV1066","Bacteria","Proteobacteria","Gammaproteobacteria","Betaproteobacteriales","Rhodocyclaceae","Ferribacterium",NA
"ASV1067","Bacteria","Bacteroidetes","Bacteroidia","Chitinophagales","Chitinophagaceae","Parafilimonas",NA
"ASV1077","Bacteria","Proteobacteria","Gammaproteobacteria","Betaproteobacteriales","Burkholderiaceae","Limnobacter",NA
"ASV1094","Bacteria","Actinobacteria","Actinobacteria","Streptomycetales","Streptomycetaceae","Streptomyces",NA
"ASV1095","Bacteria","Verrucomicrobia","Verrucomicrobiae","Pedosphaerales","Pedosphaeraceae","ADurb.Bin063-1",NA
"ASV1097","Bacteria","Proteobacteria","Alphaproteobacteria","Rhodospirillales","Rhodospirillaceae","Haematospirillum",NA
"ASV1100","Bacteria","Proteobacteria","Alphaproteobacteria","Caulobacterales","Caulobacteraceae","Asticcacaulis",NA
"ASV1118","Bacteria","Kiritimatiellaeota","Kiritimatiellae","Kiritimatiellales","Kiritimatiellaceae","MSBL3",NA
"ASV1125","Bacteria","Proteobacteria","Alphaproteobacteria","Rhodobacterales","Rhodobacteraceae","Gemmobacter",NA
"ASV1126","Bacteria","Verrucomicrobia","Verrucomicrobiae","Chthoniobacterales","Chthoniobacteraceae","LD29",NA
"ASV1134","Bacteria","Proteobacteria","Alphaproteobacteria","Rhizobiales","Beijerinckiaceae","FukuN57",NA
"ASV1136","Bacteria","Verrucomicrobia","Verrucomicrobiae","Opitutales","Opitutaceae","Cephaloticoccus",NA
"ASV1146","Bacteria","Proteobacteria","Gammaproteobacteria","Methylococcales","Methylococcaceae","Methylomagnum",NA
"ASV1154","Bacteria","Proteobacteria","Alphaproteobacteria","Rhizobiales","Rhizobiaceae","Ochrobactrum",NA
"ASV1157","Bacteria","Proteobacteria","Alphaproteobacteria","Caulobacterales","Caulobacteraceae","Caulobacter",NA
"ASV1171","Bacteria","Proteobacteria","Alphaproteobacteria","Rhizobiales","Beijerinckiaceae","alphaI_cluster",NA
"ASV1185","Bacteria","Proteobacteria","Gammaproteobacteria","Betaproteobacteriales","Methylophilaceae","Methylophilus",NA
"ASV1205","Bacteria","Proteobacteria","Deltaproteobacteria","Myxococcales","Haliangiaceae","Haliangium",NA
"ASV1212","Bacteria","Bacteroidetes","Bacteroidia","Bacteroidales","Porphyromonadaceae","Porphyromonas",NA
"ASV1214","Bacteria","Proteobacteria","Alphaproteobacteria","Rhizobiales","Beijerinckiaceae","Psychroglaciecola",NA
"ASV1215","Bacteria","Proteobacteria","Gammaproteobacteria","Betaproteobacteriales","Burkholderiaceae","Tepidimonas",NA
"ASV1222","Bacteria","Proteobacteria","Gammaproteobacteria","Enterobacteriales","Enterobacteriaceae","Dickeya",NA
"ASV1233","Bacteria","Proteobacteria","Deltaproteobacteria","Desulfobacterales","Desulfobulbaceae","Desulfobulbus",NA
"ASV1239","Bacteria","Proteobacteria","Gammaproteobacteria","Betaproteobacteriales","Chitinibacteraceae","Iodobacter",NA
"ASV1240","Bacteria","Proteobacteria","Gammaproteobacteria","Chromatiales","Chromatiaceae","Thioflavicoccus",NA
"ASV1245","Bacteria","Proteobacteria","Gammaproteobacteria","Betaproteobacteriales","Chitinibacteraceae","Deefgea",NA
"ASV1247","Bacteria","Firmicutes","Bacilli","Bacillales","Family_XII","Exiguobacterium",NA
"ASV1259","Bacteria","Chloroflexi","Chloroflexia","Chloroflexales","Chloroflexaceae","Candidatus_Chloroploca",NA
"ASV1264","Bacteria","Firmicutes","Clostridia","Clostridiales","Clostridiaceae_1","Clostridium_sensu_stricto_9",NA
"ASV1267","Bacteria","Proteobacteria","Alphaproteobacteria","Rhizobiales","Beijerinckiaceae","Methylocystis",NA
"ASV1269","Bacteria","Proteobacteria","Gammaproteobacteria","Betaproteobacteriales","Nitrosomonadaceae","966-1",NA
"ASV1275","Bacteria","Bacteroidetes","Bacteroidia","Sphingobacteriales","Lentimicrobiaceae","Lentimicrobium",NA
"ASV1277","Bacteria","Proteobacteria","Alphaproteobacteria","Sphingomonadales","Sphingomonadaceae","Novosphingobium",NA
"ASV1303","Bacteria","Proteobacteria","Alphaproteobacteria","Azospirillales","Azospirillaceae","Niveispirillum",NA
"ASV1310","Bacteria","Proteobacteria","Gammaproteobacteria","Betaproteobacteriales","Rhodocyclaceae","Propionivibrio",NA
"ASV1333","Bacteria","Bacteroidetes","Chlorobia","Chlorobiales","Chlorobiaceae","Chlorobaculum",NA
"ASV1339","Bacteria","Proteobacteria","Gammaproteobacteria","Oceanospirillales","Halomonadaceae","Halomonas",NA
"ASV1371","Bacteria","Proteobacteria","Gammaproteobacteria","Betaproteobacteriales","Burkholderiaceae","Inhella",NA
"ASV1382","Bacteria","Actinobacteria","Actinobacteria","Micrococcales","Micrococcaceae","Rothia",NA
"ASV1386","Bacteria","Proteobacteria","Gammaproteobacteria","Xanthomonadales","Rhodanobacteraceae","Aquimonas",NA
"ASV1402","Bacteria","Proteobacteria","Alphaproteobacteria","Caulobacterales","Hyphomonadaceae","Hirschia",NA
"ASV1410","Bacteria","Proteobacteria","Gammaproteobacteria","Betaproteobacteriales","Burkholderiaceae","Paucibacter",NA
"ASV1416","Bacteria","Proteobacteria","Alphaproteobacteria","Rhodobacterales","Rhodobacteraceae","Paracoccus",NA
"ASV1418","Bacteria","Actinobacteria","Actinobacteria","Micrococcales","Microbacteriaceae","Yonghaparkia",NA
"ASV1419","Bacteria","Cyanobacteria","Oxyphotobacteria","Nostocales","Microcystaceae","SU2_symbiont_group",NA
"ASV1420","Bacteria","Proteobacteria","Gammaproteobacteria","Methylococcales","Methylomonaceae","Methylovulum",NA
"ASV1428","Bacteria","Proteobacteria","Gammaproteobacteria","Pseudomonadales","Moraxellaceae","Enhydrobacter",NA
"ASV1444","Bacteria","Proteobacteria","Deltaproteobacteria","Myxococcales","Phaselicystidaceae","Phaselicystis",NA
"ASV1457","Bacteria","Proteobacteria","Alphaproteobacteria","Rhizobiales","Rhizobiaceae","Ciceribacter",NA
"ASV1471","Bacteria","Proteobacteria","Deltaproteobacteria","Desulfovibrionales","Desulfovibrionaceae","Desulfovibrio",NA
"ASV1476","Bacteria","Bacteroidetes","Bacteroidia","Cytophagales","Spirosomaceae","Taeseokella",NA
"ASV1483","Bacteria","Proteobacteria","Gammaproteobacteria","Betaproteobacteriales","Burkholderiaceae","Ralstonia",NA
"ASV1492","Bacteria","Proteobacteria","Deltaproteobacteria","Desulfobacterales","Desulfobulbaceae","Desulforhopalus",NA
"ASV1513","Bacteria","Acidobacteria","Acidobacteriia","Solibacterales","Solibacteraceae_(Subgroup_3)","Paludibaculum",NA
"ASV1516","Bacteria","Proteobacteria","Deltaproteobacteria","Myxococcales","Polyangiaceae","Polyangium",NA
"ASV1529","Bacteria","Bacteroidetes","Bacteroidia","Sphingobacteriales","Sphingobacteriaceae","Sphingobacterium",NA
"ASV1530","Bacteria","Proteobacteria","Gammaproteobacteria","Enterobacteriales","Enterobacteriaceae","Hafnia-Obesumbacterium",NA
"ASV1532","Bacteria","Proteobacteria","Gammaproteobacteria","Betaproteobacteriales","Burkholderiaceae","Duganella",NA
"ASV1537","Bacteria","Spirochaetes","Spirochaetia","Spirochaetales","Spirochaetaceae","GWE2-31-10",NA
"ASV1541","Bacteria","Actinobacteria","Thermoleophilia","Solirubrobacterales","Solirubrobacteraceae","Conexibacter",NA
"ASV1546","Bacteria","Verrucomicrobia","Verrucomicrobiae","Verrucomicrobiales","Verrucomicrobiaceae","Brevifollis",NA
"ASV1555","Bacteria","Proteobacteria","Gammaproteobacteria","Xanthomonadales","Xanthomonadaceae","Stenotrophomonas",NA
"ASV1580","Bacteria","Firmicutes","Clostridia","Clostridiales","Lachnospiraceae","Coprococcus_1",NA
"ASV1595","Bacteria","Bacteroidetes","Bacteroidia","Bacteroidales","Prevotellaceae","Alloprevotella",NA
"ASV1601","Bacteria","Proteobacteria","Gammaproteobacteria","Cellvibrionales","Cellvibrionaceae","Cellvibrio",NA
"ASV1604","Bacteria","Cyanobacteria","Oxyphotobacteria","Nostocales","Nostocaceae","Nostoc_PCC-7524",NA
"ASV1605","Bacteria","Firmicutes","Clostridia","Clostridiales","Ruminococcaceae","Ercella",NA
"ASV1606","Bacteria","Bacteroidetes","Bacteroidia","Bacteroidales","Rikenellaceae","Acetobacteroides",NA
"ASV1621","Bacteria","Bacteroidetes","Bacteroidia","Bacteroidales","Prolixibacteraceae","BSV13",NA
"ASV1632","Bacteria","Bacteroidetes","Bacteroidia","Bacteroidales","Tannerellaceae","Parabacteroides",NA
"ASV1634","Bacteria","Firmicutes","Clostridia","Clostridiales","Lachnospiraceae","Anaerosporobacter",NA
"ASV1665","Bacteria","Tenericutes","Mollicutes","Mycoplasmatales","Mycoplasmataceae","Candidatus_Lumbricincola",NA
"ASV1677","Bacteria","Spirochaetes","Spirochaetia","Spirochaetales","Spirochaetaceae","Treponema",NA
"ASV1680","Bacteria","Proteobacteria","Alphaproteobacteria","Rhodobacterales","Rhodobacteraceae","Tropicimonas",NA
"ASV1684","Bacteria","Proteobacteria","Alphaproteobacteria","Paracaedibacterales","Paracaedibacteraceae","Candidatus_Finniella",NA
"ASV1699","Bacteria","Bacteroidetes","Bacteroidia","Cytophagales","Microscillaceae","Thermoflexibacter",NA
"ASV1704","Bacteria","Bacteroidetes","Bacteroidia","Bacteroidales","Prolixibacteraceae","Roseimarinus",NA
"ASV1709","Bacteria","Proteobacteria","Alphaproteobacteria","Caulobacterales","Hyphomonadaceae","UKL13-1",NA
"ASV1710","Bacteria","Bacteroidetes","Bacteroidia","Bacteroidales","Bacteroidaceae","Bacteroides",NA
"ASV1711","Bacteria","Bacteroidetes","Bacteroidia","Bacteroidales","Prevotellaceae","Prevotella_9",NA
"ASV1720","Bacteria","Cyanobacteria","Oxyphotobacteria","Nostocales","Nostocaceae","Trichormus_HINDAK_2001-4",NA
"ASV1727","Bacteria","Actinobacteria","Actinobacteria","Micrococcales","Microbacteriaceae","Leucobacter",NA
"ASV1729","Bacteria","Firmicutes","Bacilli","Bacillales","Bacillaceae","Anoxybacillus",NA
"ASV1737","Bacteria","Proteobacteria","Gammaproteobacteria","Betaproteobacteriales","Burkholderiaceae","Aquabacterium",NA
"ASV1742","Bacteria","Proteobacteria","Gammaproteobacteria","Enterobacteriales","Enterobacteriaceae","Rahnella",NA
"ASV1746","Bacteria","Proteobacteria","Deltaproteobacteria","Myxococcales","Archangiaceae","Cystobacter",NA
"ASV1767","Bacteria","Bacteroidetes","Bacteroidia","Cytophagales","Cyclobacteriaceae","Imperialibacter",NA
"ASV1769","Bacteria","Cyanobacteria","Oxyphotobacteria","Nostocales","Nostocaceae","Scytonema_UTEX_2349",NA
"ASV1772","Bacteria","Proteobacteria","Gammaproteobacteria","Betaproteobacteriales","Rhodocyclaceae","Dechloromonas",NA
"ASV1785","Bacteria","Firmicutes","Clostridia","Clostridiales","Family_XIII","Anaerovorax",NA
"ASV1790","Bacteria","Bacteroidetes","Bacteroidia","Chitinophagales","Saprospiraceae","Saprospira",NA
"ASV1792","Bacteria","Epsilonbacteraeota","Campylobacteria","Campylobacterales","Helicobacteraceae","Wolinella",NA
"ASV1802","Bacteria","Cyanobacteria","Oxyphotobacteria","Phormidesmiales","Nodosilineaceae","Nodosilinea_PCC-7104",NA
"ASV1807","Bacteria","Bacteroidetes","Bacteroidia","Bacteroidales","Rs-E47_termite_group","GWE2-42-42",NA
"ASV1820","Bacteria","Actinobacteria","Actinobacteria","Micrococcales","Cellulomonadaceae","Cellulomonas",NA
"ASV1829","Bacteria","Bacteroidetes","Bacteroidia","Chitinophagales","Saprospiraceae","Lewinella",NA
"ASV1835","Bacteria","Proteobacteria","Gammaproteobacteria","Diplorickettsiales","Diplorickettsiaceae","Aquicella",NA
"ASV1849","Bacteria","Proteobacteria","Alphaproteobacteria","Rhizobiales","Xanthobacteraceae","Rhodoplanes",NA
"ASV1863","Bacteria","Cyanobacteria","Oxyphotobacteria","Nostocales","Nostocaceae","Tolypothrix_PCC-7601",NA
"ASV1877","Bacteria","Proteobacteria","Gammaproteobacteria","Betaproteobacteriales","Chitinimonadaceae","Chitinimonas",NA
"ASV1900","Bacteria","Chlamydiae","Chlamydiae","Chlamydiales","Criblamydiaceae","Estrella",NA
"ASV1914","Bacteria","Proteobacteria","Deltaproteobacteria","Myxococcales","Polyangiaceae","Aetherobacter",NA
"ASV1915","Bacteria","Firmicutes","Bacilli","Lactobacillales","Streptococcaceae","Streptococcus",NA
"ASV1918","Bacteria","Firmicutes","Bacilli","Lactobacillales","Enterococcaceae","Enterococcus",NA
"ASV1919","Bacteria","Verrucomicrobia","Verrucomicrobiae","Verrucomicrobiales","Verrucomicrobiaceae","Roseimicrobium",NA
"ASV1925","Bacteria","Proteobacteria","Alphaproteobacteria","Rhizobiales","Beijerinckiaceae","Bosea",NA
"ASV1930","Bacteria","Cyanobacteria","Oxyphotobacteria","Nostocales","Nostocaceae","Nostoc_PCC-8976",NA
"ASV1941","Bacteria","Firmicutes","Clostridia","Clostridiales","Ruminococcaceae","Saccharofermentans",NA
"ASV1947","Bacteria","Actinobacteria","Actinobacteria","Propionibacteriales","Propionibacteriaceae","Cutibacterium",NA
"ASV1948","Bacteria","Proteobacteria","Alphaproteobacteria","Rhizobiales","Xanthobacteraceae","Xanthobacter",NA
"ASV1954","Bacteria","Proteobacteria","Deltaproteobacteria","Desulfobacterales","Desulfobacteraceae","Sva0081_sediment_group",NA
"ASV1955","Bacteria","Proteobacteria","Gammaproteobacteria","Betaproteobacteriales","Burkholderiaceae","Sphaerotilus",NA
"ASV1968","Bacteria","Proteobacteria","Alphaproteobacteria","Azospirillales","Azospirillaceae","Azospirillum",NA
"ASV2000","Bacteria","Cyanobacteria","Oxyphotobacteria","Nostocales","Phormidiaceae","Cephalothrix_SAG_75.79",NA
"ASV2013","Bacteria","Firmicutes","Negativicutes","Selenomonadales","Veillonellaceae","Zymophilus",NA
"ASV2021","Bacteria","Firmicutes","Bacilli","Bacillales","Planococcaceae","Planomicrobium",NA
"ASV2023","Bacteria","Proteobacteria","Gammaproteobacteria","Methylococcales","Methylomonaceae","Crenothrix",NA
"ASV2037","Bacteria","Fibrobacteres","Chitinivibrionia","Chitinivibrionales","Chitinivibrionaceae","possible_genus_03",NA
"ASV2057","Bacteria","Proteobacteria","Gammaproteobacteria","Enterobacteriales","Enterobacteriaceae","Citrobacter",NA
"ASV2062","Bacteria","Proteobacteria","Gammaproteobacteria","Chromatiales","Chromatiaceae","Achromatium",NA
"ASV2075","Bacteria","Spirochaetes","Leptospirae","Leptospirales","Leptospiraceae","Turneriella",NA
"ASV2138","Bacteria","Proteobacteria","Gammaproteobacteria","Betaproteobacteriales","Rhodocyclaceae","Uliginosibacterium",NA
"ASV2148","Bacteria","Bacteroidetes","Bacteroidia","Cytophagales","Microscillaceae","Flexibacter",NA
"ASV2162","Bacteria","Bacteroidetes","Bacteroidia","Bacteroidales","Prevotellaceae","Prevotellaceae_Ga6A1_group",NA
"ASV2167","Bacteria","Acidobacteria","Holophagae","Holophagales","Holophagaceae","Holophaga",NA
"ASV2173","Bacteria","Proteobacteria","Gammaproteobacteria","Pasteurellales","Pasteurellaceae","Haemophilus",NA
"ASV2176","Bacteria","Bacteroidetes","Bacteroidia","Flavobacteriales","Weeksellaceae","Bergeyella",NA
"ASV2177","Bacteria","Actinobacteria","Actinobacteria","Propionibacteriales","Propionibacteriaceae","Propionibacterium",NA
"ASV2187","Bacteria","Verrucomicrobia","Verrucomicrobiae","Verrucomicrobiales","Verrucomicrobiaceae","Verrucomicrobium",NA
"ASV2190","Bacteria","Proteobacteria","Alphaproteobacteria","Rhodobacterales","Rhodobacteraceae","Amaricoccus",NA
"ASV2197","Bacteria","Proteobacteria","Gammaproteobacteria","Aeromonadales","Aeromonadaceae","Tolumonas",NA
"ASV2206","Bacteria","Firmicutes","Bacilli","Lactobacillales","Leuconostocaceae","Leuconostoc",NA
"ASV2214","Bacteria","Planctomycetes","Phycisphaerae","Phycisphaerales","Phycisphaeraceae","Phycisphaera",NA
"ASV2220","Bacteria","Proteobacteria","Gammaproteobacteria","Betaproteobacteriales","Methylophilaceae","MM2",NA
"ASV2225","Bacteria","Bacteroidetes","Bacteroidia","Cytophagales","Spirosomaceae","Runella",NA
"ASV2246","Bacteria","Actinobacteria","Thermoleophilia","Solirubrobacterales","Solirubrobacteraceae","Solirubrobacter",NA
"ASV2248","Bacteria","Proteobacteria","Gammaproteobacteria","Enterobacteriales","Enterobacteriaceae","endosymbionts8",NA
"ASV2271","Bacteria","Epsilonbacteraeota","Campylobacteria","Campylobacterales","Thiovulaceae","Sulfurimonas",NA
"ASV2287","Bacteria","Proteobacteria","Alphaproteobacteria","Rhodobacterales","Rhodobacteraceae","Falsirhodobacter",NA
"ASV2293","Bacteria","Proteobacteria","Gammaproteobacteria","Betaproteobacteriales","Burkholderiaceae","Comamonas",NA
"ASV2329","Bacteria","Proteobacteria","Gammaproteobacteria","Betaproteobacteriales","Hydrogenophilaceae","Thiobacillus",NA
"ASV2349","Bacteria","Proteobacteria","Alphaproteobacteria","Caulobacterales","Caulobacteraceae","Phenylobacterium",NA
"ASV2350","Bacteria","Cyanobacteria","Oxyphotobacteria","Nostocales","Nostocaceae","Nodularia_PCC-9350",NA
"ASV2367","Bacteria","Spirochaetes","Leptospirae","Leptospirales","Leptospiraceae","Leptospira",NA
"ASV2386","Bacteria","Bacteroidetes","Bacteroidia","Sphingobacteriales","Sphingobacteriaceae","Arcticibacter",NA
"ASV2392","Bacteria","Actinobacteria","Thermoleophilia","Gaiellales","Gaiellaceae","Gaiella",NA
"ASV2404","Bacteria","Firmicutes","Clostridia","Clostridiales","Lachnospiraceae","Lachnospiraceae_UCG-007",NA
"ASV2407","Bacteria","Actinobacteria","Actinobacteria","Pseudonocardiales","Pseudonocardiaceae","Saccharopolyspora",NA
"ASV2415","Bacteria","Proteobacteria","Alphaproteobacteria","Rhizobiales","Pleomorphomonadaceae","Chthonobacter",NA
"ASV2418","Bacteria","Epsilonbacteraeota","Campylobacteria","Campylobacterales","Sulfurovaceae","Sulfurovum",NA
"ASV2437","Bacteria","Verrucomicrobia","Verrucomicrobiae","Chthoniobacterales","Xiphinematobacteraceae","Candidatus_Xiphinematobacter",NA
"ASV2463","Bacteria","Firmicutes","Clostridia","Clostridiales","Ruminococcaceae","Ruminococcaceae_UCG-010",NA
"ASV2474","Bacteria","Proteobacteria","Deltaproteobacteria","Myxococcales","Polyangiaceae","Sorangium",NA
"ASV2502","Bacteria","Proteobacteria","Alphaproteobacteria","Caulobacterales","Hyphomonadaceae","SWB02",NA
"ASV2508","Bacteria","Proteobacteria","Deltaproteobacteria","Myxococcales","Sandaracinaceae","Sandaracinus",NA
"ASV2512","Bacteria","Proteobacteria","Gammaproteobacteria","Betaproteobacteriales","Burkholderiaceae","Mitsuaria",NA
"ASV2520","Bacteria","Acidobacteria","Blastocatellia_(Subgroup_4)","Blastocatellales","Blastocatellaceae","JGI_0001001-H03",NA
"ASV2542","Bacteria","Firmicutes","Clostridia","Clostridiales","Ruminococcaceae","Ruminococcaceae_UCG-013",NA
"ASV2575","Bacteria","Proteobacteria","Alphaproteobacteria","Sphingomonadales","Sphingomonadaceae","Sphingobium",NA
"ASV2576","Bacteria","Proteobacteria","Alphaproteobacteria","Reyranellales","Reyranellaceae","Reyranella",NA
"ASV2582","Bacteria","Chloroflexi","Chloroflexia","Chloroflexales","Chloroflexaceae","Oscillochloris",NA
"ASV2592","Bacteria","Cyanobacteria","Oxyphotobacteria","Pseudanabaenales","Pseudanabaenaceae","Pseudanabaena_PCC-7429",NA
"ASV2618","Bacteria","Firmicutes","Bacilli","Bacillales","Planococcaceae","Lysinibacillus",NA
"ASV2627","Bacteria","Proteobacteria","Gammaproteobacteria","Betaproteobacteriales","Burkholderiaceae","Acidovorax",NA
"ASV2628","Bacteria","Bacteroidetes","Bacteroidia","Bacteroidales","Dysgonomonadaceae","Proteiniphilum",NA
"ASV2631","Bacteria","Proteobacteria","Deltaproteobacteria","Myxococcales","Polyangiaceae","Pajaroellobacter",NA
"ASV2632","Bacteria","Bacteroidetes","Bacteroidia","Bacteroidales","Rikenellaceae","Blvii28_wastewater-sludge_group",NA
"ASV2650","Bacteria","Proteobacteria","Alphaproteobacteria","Sphingomonadales","Sphingomonadaceae","Blastomonas",NA
"ASV2669","Bacteria","Proteobacteria","Alphaproteobacteria","Sphingomonadales","Sphingomonadaceae","Polymorphobacter",NA
"ASV2705","Bacteria","Chloroflexi","Chloroflexia","Chloroflexales","Chloroflexaceae","Candidatus_Chlorothrix",NA
"ASV2710","Bacteria","Proteobacteria","Gammaproteobacteria","Competibacterales","Competibacteraceae","Candidatus_Contendobacter",NA
"ASV2719","Bacteria","Proteobacteria","Gammaproteobacteria","Enterobacteriales","Enterobacteriaceae","Thorsellia",NA
"ASV2739","Bacteria","Bacteroidetes","Bacteroidia","Chitinophagales","Saprospiraceae","Aureispira",NA
"ASV2806","Bacteria","Proteobacteria","Alphaproteobacteria","Rhodospirillales","Magnetospirillaceae","Telmatospirillum",NA
"ASV2827","Bacteria","Proteobacteria","Alphaproteobacteria","Rhizobiales","Rhizobiaceae","Allorhizobium-Neorhizobium-Pararhizobium-Rhizobium",NA
"ASV2829","Bacteria","Proteobacteria","Alphaproteobacteria","Dongiales","Dongiaceae","Dongia",NA
"ASV2834","Bacteria","Firmicutes","Bacilli","Bacillales","Bacillaceae","Geobacillus",NA
"ASV2836","Bacteria","Proteobacteria","Gammaproteobacteria","Enterobacteriales","Enterobacteriaceae","Serratia",NA
"ASV2853","Bacteria","Proteobacteria","Gammaproteobacteria","Salinisphaerales","Solimonadaceae","Nevskia",NA
"ASV2871","Bacteria","Proteobacteria","Deltaproteobacteria","Oligoflexales","Oligoflexaceae","Candidatus_Turbabacter",NA
"ASV2874","Bacteria","Cyanobacteria","Oxyphotobacteria","Oxyphotobacteria_Incertae_Sedis","Unknown_Family","Leptolyngbya_ANT.L67.1",NA
"ASV2884","Bacteria","Bacteroidetes","Bacteroidia","Chitinophagales","Saprospiraceae","Phaeodactylibacter",NA
"ASV2892","Bacteria","Proteobacteria","Gammaproteobacteria","Betaproteobacteriales","Burkholderiaceae","Hydrogenophaga",NA
"ASV2913","Bacteria","Proteobacteria","Gammaproteobacteria","Enterobacteriales","Enterobacteriaceae","Erwinia",NA
"ASV2921","Bacteria","Firmicutes","Clostridia","Clostridiales","Gracilibacteraceae","Lutispora",NA
"ASV2924","Bacteria","Firmicutes","Clostridia","Clostridiales","Ruminococcaceae","Pseudobacteroides",NA
"ASV2928","Bacteria","Proteobacteria","Deltaproteobacteria","Syntrophobacterales","Syntrophobacteraceae","Syntrophobacter",NA
"ASV2936","Bacteria","Actinobacteria","Acidimicrobiia","Microtrichales","Iamiaceae","Iamia",NA
"ASV2940","Bacteria","Firmicutes","Clostridia","Clostridiales","Ruminococcaceae","Intestinimonas",NA
"ASV2947","Bacteria","Bacteroidetes","Bacteroidia","Chitinophagales","Chitinophagaceae","UTBCD1",NA
"ASV2958","Bacteria","Firmicutes","Clostridia","Clostridiales","Ruminococcaceae","Anaerobacterium",NA
"ASV2960","Bacteria","Actinobacteria","Actinobacteria","Corynebacteriales","Corynebacteriaceae","Lawsonella",NA
"ASV2961","Bacteria","Proteobacteria","Alphaproteobacteria","Rhodospirillales","Rhodospirillaceae","Insolitispirillum",NA
"ASV2962","Bacteria","Proteobacteria","Gammaproteobacteria","Oceanospirillales","Halomonadaceae","Modicisalibacter",NA
"ASV2964","Bacteria","Proteobacteria","Alphaproteobacteria","Rickettsiales","Rickettsiales_Incertae_Sedis","Candidatus_Hepatincola",NA
"ASV2969","Bacteria","Firmicutes","Clostridia","Clostridiales","Clostridiaceae_1","Clostridium_sensu_stricto_12",NA
"ASV2972","Bacteria","Bacteroidetes","Bacteroidia","Cytophagales","Amoebophilaceae","Candidatus_Amoebophilus",NA
"ASV2982","Bacteria","Proteobacteria","Alphaproteobacteria","Rhizobiales","Hyphomicrobiaceae","Hyphomicrobium",NA
"ASV2991","Bacteria","Planctomycetes","Phycisphaerae","Phycisphaerales","Phycisphaeraceae","SM1A02",NA
"ASV2994","Bacteria","Proteobacteria","Gammaproteobacteria","Coxiellales","Coxiellaceae","Coxiella",NA
"ASV3007","Bacteria","Bacteroidetes","Bacteroidia","Bacteroidales","Dysgonomonadaceae","Dysgonomonas",NA
"ASV3011","Bacteria","Proteobacteria","Gammaproteobacteria","Methylococcales","Methylomonaceae","Methyloglobulus",NA
"ASV3018","Bacteria","Proteobacteria","Gammaproteobacteria","Betaproteobacteriales","Chromobacteriaceae","Paludibacterium",NA
"ASV3045","Bacteria","Bacteroidetes","Bacteroidia","Bacteroidales","Prevotellaceae","Prevotella_1",NA
"ASV3051","Bacteria","Actinobacteria","Actinobacteria","Frankiales","Frankiaceae","Jatrophihabitans",NA
"ASV3059","Bacteria","Proteobacteria","Gammaproteobacteria","Competibacterales","Competibacteraceae","Candidatus_Competibacter",NA
"ASV3074","Bacteria","Proteobacteria","Alphaproteobacteria","Rhodobacterales","Rhodobacteraceae","Loktanella",NA
"ASV3085","Bacteria","Actinobacteria","Actinobacteria","Propionibacteriales","Nocardioidaceae","Nocardioides",NA
"ASV3109","Bacteria","Proteobacteria","Gammaproteobacteria","Alteromonadales","Alteromonadales_Incertae_Sedis","Alkalimonas",NA
"ASV3138","Bacteria","Acidobacteria","Blastocatellia_(Subgroup_4)","Blastocatellales","Blastocatellaceae","Aridibacter",NA
"ASV3163","Bacteria","Tenericutes","Mollicutes","Entomoplasmatales","Spiroplasmataceae","Spiroplasma",NA
"ASV3170","Bacteria","Fusobacteria","Fusobacteriia","Fusobacteriales","Leptotrichiaceae","Sebaldella",NA
"ASV3182","Bacteria","Proteobacteria","Gammaproteobacteria","Enterobacteriales","Enterobacteriaceae","Cosenzaea",NA
"ASV3218","Bacteria","Bacteroidetes","Ignavibacteria","Ignavibacteriales","Ignavibacteriaceae","Ignavibacterium",NA
"ASV3234","Bacteria","Firmicutes","Negativicutes","Selenomonadales","Veillonellaceae","Veillonella",NA
"ASV3235","Bacteria","Actinobacteria","Actinobacteria","Micrococcales","Micrococcaceae","Kocuria",NA
"ASV3252","Bacteria","Cyanobacteria","Oxyphotobacteria","Nostocales","Nostocaceae","Calothrix_PCC-6303",NA
"ASV3261","Bacteria","Cyanobacteria","Oxyphotobacteria","Nostocales","Nostocaceae","Fortiea_PCC-7126",NA
"ASV3267","Bacteria","Proteobacteria","Alphaproteobacteria","Paracaedibacterales","Paracaedibacteraceae","Candidatus_Paracaedibacter",NA
"ASV3282","Bacteria","Proteobacteria","Deltaproteobacteria","Syntrophobacterales","Syntrophaceae","Smithella",NA
"ASV3285","Bacteria","Proteobacteria","Gammaproteobacteria","Cellvibrionales","Halieaceae","Chromatocurvus",NA
"ASV3289","Bacteria","Proteobacteria","Gammaproteobacteria","Betaproteobacteriales","Burkholderiaceae","Piscinibacter",NA
"ASV3293","Bacteria","Cyanobacteria","Oxyphotobacteria","Nostocales","Microcystaceae","Snowella_0TU37S04",NA
"ASV3299","Bacteria","Chloroflexi","Chloroflexia","Chloroflexales","Chloroflexaceae","Chloronema",NA
"ASV3312","Bacteria","Proteobacteria","Gammaproteobacteria","Gammaproteobacteria_Incertae_Sedis","Unknown_Family","Candidatus_Berkiella",NA
"ASV3343","Bacteria","Acidobacteria","Acidobacteriia","Solibacterales","Solibacteraceae_(Subgroup_3)","Candidatus_Solibacter",NA
"ASV3363","Bacteria","Bacteroidetes","Bacteroidia","Sphingobacteriales","Sphingobacteriaceae","Mucilaginibacter",NA
"ASV3370","Bacteria","Firmicutes","Bacilli","Bacillales","Staphylococcaceae","Staphylococcus",NA
"ASV3398","Bacteria","Rokubacteria","NC10","Methylomirabilales","Methylomirabilaceae","Sh765B-TzT-35",NA
"ASV3414","Bacteria","Proteobacteria","Gammaproteobacteria","Betaproteobacteriales","Burkholderiaceae","Tepidicella",NA
"ASV3415","Bacteria","Firmicutes","Bacilli","Bacillales","Paenibacillaceae","Paenibacillus",NA
"ASV3434","Bacteria","Actinobacteria","Actinobacteria","Actinomycetales","Actinomycetaceae","Actinomyces",NA
"ASV3498","Bacteria","Proteobacteria","Deltaproteobacteria","Syntrophobacterales","Syntrophaceae","Syntrophus",NA
"ASV3506","Bacteria","Proteobacteria","Alphaproteobacteria","Rhizobiales","Rhizobiaceae","Mesorhizobium",NA
"ASV3515","Bacteria","Proteobacteria","Gammaproteobacteria","Betaproteobacteriales","Burkholderiaceae","Methylibium",NA
"ASV3535","Bacteria","Proteobacteria","Alphaproteobacteria","Caedibacterales","Caedibacteraceae","Caedibacter",NA
"ASV3549","Bacteria","Bacteroidetes","Bacteroidia","Flavobacteriales","Crocinitomicaceae","Crocinitomix",NA
"ASV3559","Bacteria","Firmicutes","Clostridia","Clostridiales","Lachnospiraceae","Roseburia",NA
"ASV3563","Bacteria","Firmicutes","Erysipelotrichia","Erysipelotrichales","Erysipelotrichaceae","Breznakia",NA
"ASV3570","Bacteria","Proteobacteria","Gammaproteobacteria","Piscirickettsiales","Piscirickettsiaceae","Candidatus_Endoecteinascidia",NA
"ASV3625","Bacteria","Firmicutes","Bacilli","Bacillales","Paenibacillaceae","Ammoniphilus",NA
"ASV3640","Bacteria","Proteobacteria","Gammaproteobacteria","Betaproteobacteriales","Burkholderiaceae","Lautropia",NA
"ASV3664","Bacteria","Cyanobacteria","Oxyphotobacteria","Nostocales","Nostocaceae","Nostoc_PCC-73102",NA
"ASV3668","Bacteria","Cyanobacteria","Oxyphotobacteria","Nostocales","Nostocaceae","Sphaerospermopsis_BCCUSP55",NA
"ASV3681","Bacteria","Verrucomicrobia","Verrucomicrobiae","Chthoniobacterales","Terrimicrobiaceae","FukuN18_freshwater_group",NA
"ASV3682","Bacteria","Proteobacteria","Gammaproteobacteria","Betaproteobacteriales","Burkholderiaceae","Ramlibacter",NA
"ASV3692","Bacteria","Actinobacteria","Acidimicrobiia","Microtrichales","Microtrichaceae","Sva0996_marine_group",NA
"ASV3695","Bacteria","Chlamydiae","Chlamydiae","Chlamydiales","Parachlamydiaceae","Candidatus_Protochlamydia",NA
"ASV3705","Bacteria","Proteobacteria","Alphaproteobacteria","Rickettsiales","Anaplasmataceae","Candidatus_Xenohaliotis",NA
"ASV3713","Bacteria","Bacteroidetes","Bacteroidia","Chitinophagales","Chitinophagaceae","Flavihumibacter",NA
"ASV3720","Bacteria","Proteobacteria","Alphaproteobacteria","Sphingomonadales","Sphingomonadaceae","Sphingoaurantiacus",NA
"ASV3722","Bacteria","Acidobacteria","Thermoanaerobaculia","Thermoanaerobaculales","Thermoanaerobaculaceae","Subgroup_10",NA
"ASV3787","Bacteria","Chlamydiae","Chlamydiae","Chlamydiales","Simkaniaceae","Ga0074140",NA
"ASV3791","Bacteria","Cyanobacteria","Oxyphotobacteria","Nostocales","Phormidiaceae","Kamptonema_PCC-6407",NA
"ASV3812","Bacteria","Cyanobacteria","Oxyphotobacteria","Oxyphotobacteria_Incertae_Sedis","Unknown_Family","Calothrix_KVSF5",NA
"ASV3926","Bacteria","Proteobacteria","Gammaproteobacteria","Betaproteobacteriales","Methylophilaceae","MM1",NA
"ASV3953","Bacteria","Bacteroidetes","Bacteroidia","Cytophagales","Microscillaceae","Ohtaekwangia",NA
"ASV3965","Bacteria","Firmicutes","Clostridia","Clostridiales","Ruminococcaceae","Ruminiclostridium",NA
"ASV3968","Bacteria","Proteobacteria","Gammaproteobacteria","Gammaproteobacteria_Incertae_Sedis","Unknown_Family","Candidatus_Ovatusbacter",NA
"ASV3970","Bacteria","Firmicutes","Clostridia","Clostridiales","Christensenellaceae","Christensenellaceae_R-7_group",NA
"ASV3992","Bacteria","Actinobacteria","Actinobacteria","Micromonosporales","Micromonosporaceae","Micromonospora",NA
"ASV3998","Bacteria","Acidobacteria","Acidobacteriia","Solibacterales","Solibacteraceae_(Subgroup_3)","Bryobacter",NA
"ASV3999","Bacteria","Cyanobacteria","Oxyphotobacteria","Nostocales","Phormidiaceae","Trichodesmium_IMS101",NA
"ASV4017","Bacteria","Proteobacteria","Alphaproteobacteria","Sphingomonadales","Sphingomonadaceae","Parablastomonas",NA
"ASV4020","Bacteria","Bacteroidetes","Bacteroidia","Bacteroidales","Prevotellaceae","Prevotellaceae_UCG-001",NA
"ASV4024","Bacteria","Firmicutes","Clostridia","Clostridiales","Lachnospiraceae","Herbinix",NA
"ASV4146","Bacteria","Spirochaetes","Spirochaetia","Spirochaetales","Spirochaetaceae","M2PT2-76_termite_group",NA
"ASV4152","Bacteria","Firmicutes","Clostridia","Clostridiales","Heliobacteriaceae","Hydrogenispora",NA
"ASV4171","Bacteria","Proteobacteria","Alphaproteobacteria","Rhodospirillales","Magnetospirillaceae","Magnetospirillum",NA
"ASV4174","Bacteria","Proteobacteria","Gammaproteobacteria","Beggiatoales","Beggiatoaceae","Candidatus_Marithioploca",NA
"ASV4205","Bacteria","Firmicutes","Bacilli","Lactobacillales","Aerococcaceae","Facklamia",NA
"ASV4214","Bacteria","Firmicutes","Bacilli","Bacillales","Staphylococcaceae","Macrococcus",NA
"ASV4223","Bacteria","Chlamydiae","Chlamydiae","Chlamydiales","Parachlamydiaceae","Candidatus_Rubidus",NA
"ASV4233","Bacteria","Chlamydiae","Chlamydiae","Chlamydiales","Parachlamydiaceae","Neochlamydia",NA
"ASV4272","Bacteria","Proteobacteria","Alphaproteobacteria","Caulobacterales","Hyphomonadaceae","Hyphomonas",NA
"ASV4276","Bacteria","Actinobacteria","Actinobacteria","Kineosporiales","Kineosporiaceae","Kineosporia",NA
"ASV4288","Bacteria","Firmicutes","Clostridia","Clostridiales","Peptococcaceae","Desulfosporosinus",NA
"ASV4293","Bacteria","Bacteroidetes","Bacteroidia","Flavobacteriales","Crocinitomicaceae","Wandonia",NA
"ASV4297","Bacteria","Firmicutes","Negativicutes","Selenomonadales","Veillonellaceae","Sporomusa",NA
"ASV4298","Bacteria","Firmicutes","Negativicutes","Selenomonadales","Veillonellaceae","Pelosinus",NA
"ASV4300","Bacteria","Proteobacteria","Gammaproteobacteria","Beggiatoales","Beggiatoaceae","Beggiatoa",NA
"ASV4319","Bacteria","Proteobacteria","Deltaproteobacteria","Myxococcales","Nannocystaceae","Pseudenhygromyxa",NA
"ASV4321","Bacteria","Firmicutes","Clostridia","Clostridiales","Family_XI","Anaerococcus",NA
"ASV4370","Bacteria","Cyanobacteria","Oxyphotobacteria","Nostocales","Nostocaceae","Aphanizomenon_MDT14a",NA
"ASV4428","Bacteria","Proteobacteria","Deltaproteobacteria","Myxococcales","Vulgatibacteraceae","Vulgatibacter",NA
"ASV4464","Bacteria","Firmicutes","Clostridia","Clostridiales","Ruminococcaceae","Ruminococcaceae_UCG-014",NA
"ASV4479","Bacteria","Elusimicrobia","Elusimicrobia","Elusimicrobiales","Elusimicrobiaceae","Elusimicrobium",NA
"ASV4492","Bacteria","Firmicutes","Clostridia","Clostridiales","Eubacteriaceae","Acetobacterium",NA
"ASV4513","Bacteria","Bacteroidetes","Bacteroidia","Bacteroidales","Rikenellaceae","Rikenella",NA
"ASV4533","Bacteria","Firmicutes","Clostridia","Clostridiales","Ruminococcaceae","GCA-900066225",NA
"ASV4547","Bacteria","Cyanobacteria","Oxyphotobacteria","Limnotrichales","Limnotrichaceae","Limnothrix",NA
"ASV4549","Bacteria","Proteobacteria","Alphaproteobacteria","Rickettsiales","Anaplasmataceae","Wolbachia",NA
"ASV4559","Bacteria","Firmicutes","Negativicutes","Selenomonadales","Veillonellaceae","Anaerospora",NA
"ASV4582","Bacteria","Bacteroidetes","Bacteroidia","Cytophagales","Spirosomaceae","Flectobacillus",NA
"ASV4616","Bacteria","Planctomycetes","Phycisphaerae","Phycisphaerales","Phycisphaeraceae","CL500-3",NA
"ASV4617","Bacteria","Proteobacteria","Deltaproteobacteria","Deltaproteobacteria_Incertae_Sedis","Syntrophorhabdaceae","Syntrophorhabdus",NA
"ASV4636","Bacteria","Firmicutes","Clostridia","Clostridiales","Clostridiaceae_1","Candidatus_Arthromitus",NA
"ASV4660","Bacteria","Firmicutes","Negativicutes","Selenomonadales","Veillonellaceae","Dialister",NA
"ASV4683","Bacteria","Omnitrophicaeota","Omnitrophia","Omnitrophales","Omnitrophaceae","Candidatus_Omnitrophus",NA
"ASV4709","Bacteria","Firmicutes","Clostridia","Clostridiales","Lachnospiraceae","Lachnoclostridium_5",NA
"ASV4711","Bacteria","Proteobacteria","Gammaproteobacteria","Pseudomonadales","Moraxellaceae","Alkanindiges",NA
"ASV4816","Bacteria","Elusimicrobia","Endomicrobia","Endomicrobiales","Endomicrobiaceae","Candidatus_Endomicrobium",NA
"ASV4829","Bacteria","Chlamydiae","Chlamydiae","Chlamydiales","Parachlamydiaceae","Parachlamydia",NA
"ASV4891","Bacteria","Firmicutes","Clostridia","Clostridiales","Clostridiaceae_1","Fonticella",NA
"ASV4912","Bacteria","Proteobacteria","Gammaproteobacteria","Betaproteobacteriales","Burkholderiaceae","AAP99",NA
"ASV4913","Bacteria","Proteobacteria","Alphaproteobacteria","Rickettsiales","Rickettsiaceae","Rickettsia",NA
"ASV4914","Bacteria","Actinobacteria","Actinobacteria","Micrococcales","Microbacteriaceae","Microbacterium",NA
"ASV4961","Bacteria","Cyanobacteria","Oxyphotobacteria","Synechococcales","Cyanobiaceae","Synechococcus_MBIC10613",NA
"ASV5017","Bacteria","Nitrospirae","Nitrospira","Nitrospirales","Nitrospiraceae","Nitrospira",NA
"ASV5046","Bacteria","Firmicutes","Clostridia","Clostridiales","Peptostreptococcaceae","Asaccharospora",NA
"ASV5049","Bacteria","Firmicutes","Clostridia","Clostridiales","Ruminococcaceae","Ruminiclostridium_1",NA
"ASV5087","Bacteria","Proteobacteria","Alphaproteobacteria","Rhizobiales","Rhizobiaceae","Mycoplana",NA
"ASV5092","Bacteria","Proteobacteria","Gammaproteobacteria","Betaproteobacteriales","Burkholderiaceae","Kinneretia",NA
"ASV5097","Bacteria","Bacteroidetes","Bacteroidia","Flavobacteriales","Crocinitomicaceae","Salinirepens",NA
"ASV5107","Bacteria","Bacteroidetes","Bacteroidia","Flavobacteriales","Flavobacteriaceae","Spongiivirga",NA
"ASV5114","Bacteria","Bacteroidetes","Bacteroidia","Flavobacteriales","Flavobacteriaceae","Spongiimonas",NA
"ASV5117","Bacteria","Actinobacteria","Actinobacteria","Micrococcales","Microbacteriaceae","Candidatus_Limnoluna",NA
"ASV5129","Bacteria","Proteobacteria","Alphaproteobacteria","Rhodobacterales","Rhodobacteraceae","Cereibacter",NA
"ASV5151","Bacteria","Proteobacteria","Deltaproteobacteria","Myxococcales","Polyangiaceae","Minicystis",NA
"ASV5156","Bacteria","Actinobacteria","Actinobacteria","Micrococcales","Microbacteriaceae","Alpinimonas",NA
"ASV5203","Bacteria","Cyanobacteria","Oxyphotobacteria","Nostocales","Nostocaceae","Anabaena_BECID22",NA
"ASV5206","Bacteria","Planctomycetes","Planctomycetacia","Gemmatales","Gemmataceae","Fimbriiglobus",NA
"ASV5207","Bacteria","Actinobacteria","Actinobacteria","Micrococcales","Microbacteriaceae","Candidatus_Flaviluna",NA
"ASV5266","Bacteria","Bacteroidetes","Bacteroidia","Cytophagales","Cyclobacteriaceae","Mongoliicoccus",NA
"ASV5303","Bacteria","Proteobacteria","Gammaproteobacteria","Betaproteobacteriales","Rhodocyclaceae","Quatrionicoccus",NA
"ASV5333","Bacteria","Patescibacteria","Parcubacteria","Paceibacterales","Paceibacteraceae","Candidatus_Paceibacter",NA
"ASV5362","Bacteria","Proteobacteria","Gammaproteobacteria","Betaproteobacteriales","Methylophilaceae","Methylovorus",NA
"ASV5372","Bacteria","Proteobacteria","Gammaproteobacteria","Betaproteobacteriales","Rhodocyclaceae","Rhodocyclus",NA
"ASV5374","Bacteria","Firmicutes","Negativicutes","Selenomonadales","Veillonellaceae","Dendrosporobacter",NA
"ASV5385","Bacteria","Firmicutes","Clostridia","Clostridiales","Eubacteriaceae","Anaerofustis",NA
"ASV5428","Bacteria","Proteobacteria","Alphaproteobacteria","Micropepsales","Micropepsaceae","Rhizomicrobium",NA
"ASV5449","Bacteria","Proteobacteria","Deltaproteobacteria","Myxococcales","Nannocystaceae","Nannocystis",NA
"ASV5525","Bacteria","Proteobacteria","Gammaproteobacteria","Betaproteobacteriales","Burkholderiaceae","Aquincola",NA
"ASV5527","Bacteria","Proteobacteria","Gammaproteobacteria","Betaproteobacteriales","Burkholderiaceae","Macromonas",NA
"ASV5530","Bacteria","Acidobacteria","Acidobacteriia","Solibacterales","Solibacteraceae_(Subgroup_3)","GOUTB8",NA
"ASV5553","Bacteria","Lentisphaerae","Oligosphaeria","Oligosphaerales","Oligosphaeraceae","SBZC-1223",NA
